member_casual,station_name,number_of_stations
member,NA,225702
casual,NA,208294
casual,Streeter Dr & Grand Ave,56102
casual,Millennium Park,31007
casual,Michigan Ave & Oak St,27526
casual,Lake Shore Dr & Monroe St,26784
member,Clark St & Elm St,23577
casual,Theater on the Lake,21722
member,Wells St & Concord Ln,20988
casual,Shedd Aquarium,20799
member,Kingsbury St & Kinzie St,20230
member,Wells St & Elm St,19087
casual,Lake Shore Dr & North Blvd,18464
member,Dearborn St & Erie St,18208
member,Wells St & Huron St,17632
member,Broadway & Barry Ave,17571
member,St. Clair St & Erie St,17522
casual,Wells St & Concord Ln,17232
casual,Indiana Ave & Roosevelt Rd,16616
member,Theater on the Lake,16426
member,Clark St & Armitage Ave,16156
member,Desplaines St & Kinzie St,15839
casual,Clark St & Lincoln Ave,15572
casual,Clark St & Elm St,15451
member,Clark St & Lincoln Ave,15279
member,Wabash Ave & Grand Ave,14988
casual,Clark St & Armitage Ave,14824
casual,Wells St & Elm St,14769
casual,Wabash Ave & Grand Ave,14752
casual,Michigan Ave & Lake St,14558
member,Streeter Dr & Grand Ave,14487
casual,Dusable Harbor,14364
casual,Michigan Ave & Washington St,13985
member,Larrabee St & Webster Ave,13973
member,Columbus Dr & Randolph St,13954
member,Clinton St & Madison St,13520
member,Green St & Madison St,13438
member,Dearborn Pkwy & Delaware Pl,13412
member,Michigan Ave & Oak St,13334
member,Broadway & Waveland Ave,13273
member,Clark St & Wrightwood Ave,13185
member,Wells St & Hubbard St,13183
member,Clark St & Schiller St,13132
member,Lincoln Ave & Fullerton Ave,13097
member,Wilton Ave & Belmont Ave,13061
member,Lake Shore Dr & North Blvd,13057
member,Wabash Ave & Roosevelt Rd,13041
member,Broadway & Cornelia Ave,12953
member,Kingsbury St & Erie St,12951
casual,Michigan Ave & 8th St,12859
member,Clark St & Drummond Pl,12798
casual,Buckingham Fountain,12555
member,Wells St & Evergreen Ave,12462
member,Ashland Ave & Division St,12400
member,Fairbanks Ct & Grand Ave,12295
member,Lakeview Ave & Fullerton Pkwy,12250
member,McClurg Ct & Erie St,12232
casual,Fairbanks Ct & Grand Ave,12091
casual,Larrabee St & Webster Ave,12080
casual,Wells St & Evergreen Ave,12047
member,Indiana Ave & Roosevelt Rd,12013
casual,Dearborn St & Erie St,11833
member,Pine Grove Ave & Waveland Ave,11821
member,Clark St & Wellington Ave,11649
casual,Broadway & Barry Ave,11593
casual,New St & Illinois St,11450
member,Halsted St & Roscoe St,11435
casual,Wells St & Huron St,11421
casual,Columbus Dr & Randolph St,11359
casual,Lakeview Ave & Fullerton Pkwy,11302
casual,Wilton Ave & Belmont Ave,11173
member,Clinton St & Washington Blvd,11144
casual,LaSalle St & Illinois St,11114
member,Loomis St & Lexington St,11100
casual,Montrose Harbor,11085
member,Orleans St & Merchandise Mart Plaza,11083
member,Halsted St & Clybourn Ave,11076
member,Daley Center Plaza,11068
casual,Clark St & Newport St,10966
member,Bissell St & Armitage Ave,10673
member,Dearborn St & Monroe St,10638
member,Larrabee St & Kingsbury St,10603
member,Sheffield Ave & Wellington Ave,10603
member,Mies van der Rohe Way & Chestnut St,10568
member,LaSalle St & Illinois St,10524
member,Rush St & Superior St,10408
member,Mies van der Rohe Way & Chicago Ave,10390
member,Milwaukee Ave & Grand Ave,10345
member,Rush St & Cedar St,10320
casual,Wabash Ave & Wacker Pl,10263
member,Southport Ave & Roscoe St,10232
member,Federal St & Polk St,10191
casual,Lincoln Ave & Fullerton Ave,10145
member,Michigan Ave & Lake St,10087
member,Clinton St & Lake St,10049
member,Southport Ave & Waveland Ave,10025
member,Clark St & Newport St,9936
member,Lake Shore Dr & Wellington Ave,9931
member,Wilton Ave & Diversey Pkwy,9834
member,Damen Ave & Pierce Ave,9820
casual,Adler Planetarium,9813
member,Halsted St & Wrightwood Ave,9799
member,Broadway & Belmont Ave,9795
member,Lakefront Trail & Bryn Mawr Ave,9790
member,State St & Kinzie St,9775
member,Franklin St & Illinois St,9714
member,Green St & Randolph St,9708
casual,Clark St & Wrightwood Ave,9690
member,Stockton Dr & Wrightwood Ave,9685
casual,Clark St & Drummond Pl,9545
casual,Sheffield Ave & Waveland Ave,9520
casual,Wabash Ave & Roosevelt Rd,9506
member,Sheffield Ave & Kingsbury St,9506
casual,Dearborn Pkwy & Delaware Pl,9475
casual,St. Clair St & Erie St,9465
casual,Damen Ave & Pierce Ave,9434
casual,Halsted St & Roscoe St,9398
casual,Ashland Ave & Division St,9377
casual,State St & Randolph St,9313
casual,State St & Kinzie St,9282
member,Halsted St & Dickens Ave,9122
casual,Green St & Madison St,9079
member,Canal St & Adams St,9075
member,State St & Randolph St,9072
casual,Wells St & Hubbard St,9066
member,Burnham Harbor,9065
member,Sheffield Ave & Webster Ave,9033
casual,Rush St & Cedar St,9024
casual,Kingsbury St & Kinzie St,9022
member,Wabash Ave & 9th St,9009
member,Michigan Ave & Washington St,8995
member,Franklin St & Chicago Ave,8933
member,Peoria St & Jackson Blvd,8898
member,Montrose Harbor,8885
member,Morgan St & Lake St,8857
casual,Green St & Randolph St,8852
casual,Lincoln Park Conservatory,8818
casual,Stockton Dr & Wrightwood Ave,8775
member,Sheridan Rd & Montrose Ave,8768
member,Sedgwick St & Huron St,8758
member,Lake Shore Dr & Belmont Ave,8751
member,Sheffield Ave & Waveland Ave,8733
casual,Desplaines St & Kinzie St,8711
member,Sheffield Ave & Willow St,8678
member,Pine Grove Ave & Irving Park Rd,8638
member,Lincoln Ave & Diversey Pkwy,8623
casual,Broadway & Cornelia Ave,8613
member,Clark St & Lake St,8565
member,Lake Shore Dr & Diversey Pkwy,8558
member,Lake Shore Dr & Monroe St,8551
member,Clark St & Chicago Ave,8540
casual,Clark St & Schiller St,8534
member,Franklin St & Lake St,8524
member,Sedgwick St & Webster Ave,8513
casual,Rush St & Superior St,8455
casual,Lake Shore Dr & Ohio St,8451
casual,DuSable Lake Shore Dr & North Blvd,8446
casual,Bissell St & Armitage Ave,8439
member,Sedgwick St & North Ave,8434
member,Sheridan Rd & Irving Park Rd,8320
member,Clark St & Randolph St,8311
member,Franklin St & Jackson Blvd,8282
casual,Southport Ave & Roscoe St,8256
member,Franklin St & Monroe St,8236
casual,Lake Shore Dr & Belmont Ave,8185
member,Michigan Ave & 14th St,8170
casual,Pine Grove Ave & Waveland Ave,8110
member,New St & Illinois St,8110
casual,Lake Shore Dr & Diversey Pkwy,8078
member,Sheffield Ave & Wrightwood Ave,8048
casual,Wabash Ave & 9th St,8044
casual,Lakefront Trail & Bryn Mawr Ave,8035
member,Wood St & Milwaukee Ave,8025
member,Paulina St & Flournoy St,8017
casual,Clark St & Grace St,8004
casual,Morgan St & Lake St,7993
member,Sheffield Ave & Fullerton Ave,7937
casual,Michigan Ave & Pearson St,7904
member,Clarendon Ave & Gordon Ter,7864
member,LaSalle Dr & Huron St,7820
member,Desplaines St & Jackson Blvd,7754
casual,Clark St & Wellington Ave,7739
member,Wolcott Ave & Polk St,7738
member,Milwaukee Ave & Wabansia Ave,7726
casual,Halsted St & Wrightwood Ave,7708
member,Ritchie Ct & Banks St,7673
member,Burling St & Diversey Pkwy,7643
member,Clark St & Grace St,7623
casual,Lake Shore Dr & Wellington Ave,7618
casual,Wilton Ave & Diversey Pkwy,7618
casual,Federal St & Polk St,7556
casual,Mies van der Rohe Way & Chestnut St,7547
member,Clinton St & Jackson Blvd,7526
member,Aberdeen St & Jackson Blvd,7495
casual,Michigan Ave & Jackson Blvd,7494
member,Clarendon Ave & Junior Ter,7456
member,Broadway & Sheridan Rd,7450
member,LaSalle St & Jackson Blvd,7409
casual,Sheffield Ave & Wrightwood Ave,7398
casual,Broadway & Waveland Ave,7373
member,Ravenswood Ave & Lawrence Ave,7308
member,Racine Ave & Fullerton Ave,7295
casual,Sheffield Ave & Webster Ave,7239
casual,DuSable Lake Shore Dr & Monroe St,7230
casual,Sheffield Ave & Wellington Ave,7225
member,Millennium Park,7190
casual,Milwaukee Ave & Grand Ave,7169
member,Ellis Ave & 60th St,7161
casual,Sedgwick St & North Ave,7153
casual,Southport Ave & Waveland Ave,7141
casual,Clark St & North Ave,7130
member,Larrabee St & Division St,7111
member,Greenview Ave & Fullerton Ave,7088
member,Lincoln Ave & Roscoe St,7084
member,Lake Shore Dr & Ohio St,7080
casual,McClurg Ct & Erie St,7010
member,University Ave & 57th St,7002
casual,Broadway & Belmont Ave,6962
member,Halsted St & Willow St,6960
member,Ogden Ave & Race Ave,6934
casual,Shore Dr & 55th St,6877
member,Racine Ave & Belmont Ave,6862
casual,Halsted St & Dickens Ave,6852
casual,Franklin St & Jackson Blvd,6850
member,Desplaines St & Randolph St,6734
member,Southport Ave & Wellington Ave,6715
member,Wells St & Polk St,6713
member,Cityfront Plaza Dr & Pioneer Ct,6711
casual,Wood St & Milwaukee Ave,6701
member,Kimbark Ave & 53rd St,6661
casual,Clark St & Lake St,6656
member,Morgan St & Polk St,6606
casual,Cityfront Plaza Dr & Pioneer Ct,6596
member,Clifton Ave & Armitage Ave,6570
casual,Daley Center Plaza,6566
casual,Fort Dearborn Dr & 31st St,6543
member,Field Blvd & South Water St,6508
casual,Halsted St & Clybourn Ave,6490
member,Canal St & Madison St,6451
member,Clark St & North Ave,6428
member,Dayton St & North Ave,6391
casual,Racine Ave & Belmont Ave,6388
member,Clark St & Winnemac Ave,6378
member,Halsted St & Polk St,6367
member,LaSalle St & Washington St,6366
member,Aberdeen St & Monroe St,6334
member,Larrabee St & Armitage Ave,6315
casual,Clinton St & Madison St,6306
member,Shore Dr & 55th St,6301
member,Lincoln Ave & Belmont Ave,6295
member,Damen Ave & Cortland St,6259
casual,Franklin St & Illinois St,6258
casual,Dearborn St & Monroe St,6254
member,State St & Pearson St,6238
member,Orleans St & Chestnut St (NEXT Apts),6230
member,Stetson Ave & South Water St,6217
casual,Ritchie Ct & Banks St,6159
member,Clark St & Leland Ave,6154
member,Damen Ave & Chicago Ave,6141
casual,LaSalle Dr & Huron St,6136
casual,Pine Grove Ave & Irving Park Rd,6128
casual,Clark St & Chicago Ave,6077
casual,Field Blvd & South Water St,6075
member,Ogden Ave & Chicago Ave,6071
casual,Sedgwick St & Webster Ave,6011
member,Michigan Ave & 18th St,5998
casual,Michigan Ave & Madison St,5990
casual,Orleans St & Merchandise Mart Plaza,5987
casual,Sheridan Rd & Montrose Ave,5977
member,Clark St & Berwyn Ave,5974
member,Wabash Ave & 16th St,5957
member,Adler Planetarium,5947
member,Ashland Ave & Blackhawk St,5945
casual,Mies van der Rohe Way & Chicago Ave,5941
member,State St & 33rd St,5879
casual,Lincoln Ave & Diversey Pkwy,5847
member,May St & Taylor St,5826
casual,Kedzie Ave & Milwaukee Ave,5822
casual,Kingsbury St & Erie St,5820
member,Honore St & Division St,5803
member,Orleans St & Hubbard St,5799
member,Eckhart Park,5780
casual,Field Museum,5778
member,Lincoln Park Conservatory,5717
member,Jefferson St & Monroe St,5716
member,Damen Ave & Division St,5694
member,MLK Jr Dr & 29th St,5651
member,Ellis Ave & 55th St,5638
member,Fairbanks St & Superior St,5637
member,Wabash Ave & Wacker Pl,5627
member,Carpenter St & Huron St,5615
member,Wells St & Walton St,5612
member,Southport Ave & Wrightwood Ave,5602
casual,Broadway & Sheridan Rd,5597
member,Paulina Ave & North Ave,5594
member,Dusable Harbor,5589
member,Noble St & Milwaukee Ave,5571
casual,Franklin St & Lake St,5526
casual,Southport Ave & Wrightwood Ave,5522
casual,Honore St & Division St,5507
member,Sheridan Rd & Buena Ave,5497
casual,Cannon Dr & Fullerton Ave,5494
member,Michigan Ave & Pearson St,5490
casual,Sheffield Ave & Fullerton Ave,5489
member,Ada St & Washington Blvd,5448
casual,Stetson Ave & South Water St,5439
member,California Ave & Milwaukee Ave,5376
member,Sangamon St & Washington Blvd,5370
member,Broadway & Berwyn Ave,5366
casual,Clark St & Randolph St,5342
member,Calumet Ave & 18th St,5336
casual,Damen Ave & Cortland St,5323
member,Ashland Ave & Chicago Ave,5319
casual,Michigan Ave & 14th St,5291
member,Lakefront Trail & Wilson Ave,5281
member,Broadway & Argyle St,5261
casual,Wells St & Polk St,5238
casual,Sheridan Rd & Irving Park Rd,5225
casual,Wabash Ave & Adams St,5224
member,Michigan Ave & 8th St,5212
casual,Milwaukee Ave & Wabansia Ave,5205
member,Michigan Ave & Madison St,5148
member,Rush St & Hubbard St,5126
casual,California Ave & Milwaukee Ave,5104
member,Wood St & Taylor St (Temp),5090
member,Southport Ave & Clybourn Ave,5074
member,Aberdeen St & Randolph St,5072
casual,Desplaines St & Randolph St,5052
member,Kedzie Ave & Milwaukee Ave,5038
casual,Clinton St & Lake St,4994
casual,Burnham Harbor,4993
member,Southport Ave & Belmont Ave,4984
member,Dearborn St & Adams St,4972
member,Shedd Aquarium,4966
member,Larrabee St & Oak St,4961
casual,Southport Ave & Wellington Ave,4931
casual,Burling St & Diversey Pkwy,4916
casual,State St & Pearson St,4908
casual,Dayton St & North Ave,4905
casual,State St & Harrison St,4883
member,Western Ave & Winnebago Ave,4876
member,Wacker Dr & Washington St,4825
casual,Clarendon Ave & Junior Ter,4810
casual,Michigan Ave & Ida B Wells Dr,4773
member,Marine Dr & Ainslie St,4764
member,Broadway & Granville Ave,4742
casual,Greenview Ave & Fullerton Ave,4739
member,Racine Ave & Wrightwood Ave,4735
casual,Larrabee St & Division St,4691
casual,Wentworth Ave & Cermak Rd,4666
casual,Southport Ave & Belmont Ave,4664
casual,Canal St & Adams St,4659
casual,Franklin St & Chicago Ave,4657
member,Wabash Ave & Adams St,4628
member,Fort Dearborn Dr & 31st St,4600
member,Clybourn Ave & Division St,4598
member,Ashland Ave & Augusta Blvd,4564
member,DuSable Lake Shore Dr & North Blvd,4552
casual,Lakefront Trail & Wilson Ave,4547
casual,Sheffield Ave & Kingsbury St,4545
casual,Peoria St & Jackson Blvd,4536
casual,Clarendon Ave & Gordon Ter,4519
member,Larrabee St & North Ave,4487
member,Clinton St & Roosevelt Rd,4466
member,Cornell Ave & Hyde Park Blvd,4444
member,Damen Ave & Thomas St (Augusta Blvd),4429
casual,Ashland Ave & Blackhawk St,4428
casual,Damen Ave & Chicago Ave,4416
casual,Ogden Ave & Chicago Ave,4407
member,Throop St & Taylor St,4406
member,Clark St & Bryn Mawr Ave,4342
casual,Sheffield Ave & Willow St,4340
member,Ellis Ave & 58th St,4328
casual,Halsted St & Willow St,4323
casual,Clark St & Berwyn Ave,4317
casual,Orleans St & Chestnut St (NEXT Apts),4310
casual,Racine Ave & Fullerton Ave,4295
member,Western Ave & Walton St,4279
casual,Damen Ave & Division St,4274
casual,Kimbark Ave & 53rd St,4269
casual,Rush St & Hubbard St,4240
casual,Lincoln Ave & Roscoe St,4217
casual,Clinton St & Washington Blvd,4215
casual,Franklin St & Monroe St,4211
casual,Marine Dr & Ainslie St,4198
member,Financial Pl & Ida B Wells Dr,4195
casual,Larrabee St & Armitage Ave,4193
casual,Paulina Ave & North Ave,4104
member,Southport Ave & Irving Park Rd,4102
member,Franklin St & Adams St (Temp),4089
member,Western Ave & Leland Ave,4089
casual,Lincoln Ave & Belmont Ave,4082
member,State St & Van Buren St,4063
casual,Clark St & Winnemac Ave,4042
member,Lincoln Ave & Belle Plaine Ave,4039
member,Clarendon Ave & Leland Ave,4028
member,Loomis St & Jackson Blvd,4027
casual,Carpenter St & Huron St,4020
member,Canal St & Monroe St,4003
casual,Michigan Ave & 18th St,3992
member,Racine Ave & 18th St,3988
casual,Larrabee St & Kingsbury St,3985
casual,Sedgwick St & Huron St,3977
member,Wood St & Chicago Ave,3966
member,900 W Harrison St,3962
member,Broadway & Ridge Ave,3957
casual,Clifton Ave & Armitage Ave,3926
member,Ashland Ave & Wellington Ave,3911
member,Broadway & Thorndale Ave,3890
member,Walsh Park,3884
casual,Canal St & Madison St,3881
casual,Wells St & Walton St,3870
member,State St & Harrison St,3864
member,Damen Ave & Leland Ave,3863
casual,Ravenswood Ave & Lawrence Ave,3836
member,Woodlawn Ave & 55th St,3829
member,Larrabee St & Menomonee St,3823
casual,Eckhart Park,3819
member,Ravenswood Ave & Irving Park Rd,3817
casual,Ellis Ave & 60th St,3803
member,Ellis Ave & 53rd St,3802
casual,Sangamon St & Washington Blvd,3801
member,Halsted St & Maxwell St,3743
member,Greenview Ave & Diversey Pkwy,3741
member,Lake Park Ave & 56th St,3666
casual,Western Ave & Winnebago Ave,3665
casual,Calumet Ave & 18th St,3653
casual,Southport Ave & Clybourn Ave,3627
member,Clark St & Montrose Ave,3609
casual,State St & Van Buren St,3593
member,Leavitt St & North Ave,3590
member,Clark St & 9th St (AMLI),3585
member,Broadway & Wilson - Truman College Vaccination Site,3559
member,Sheridan Rd & Lawrence Ave,3554
casual,Franklin St & Adams St (Temp),3549
member,Ashland Ave & Grace St,3540
casual,Aberdeen St & Randolph St,3535
member,Lincoln Ave & Sunnyside Ave,3516
member,Dearborn St & Van Buren St,3512
casual,Ashland Ave & Chicago Ave,3479
casual,Cornell Ave & Hyde Park Blvd,3476
member,Emerald Ave & 31st St,3446
member,Lincoln Ave & Waveland Ave,3434
casual,Broadway & Argyle St,3428
casual,Clark St & Leland Ave,3410
casual,Aberdeen St & Monroe St,3359
casual,Dearborn St & Van Buren St,3349
member,Wentworth Ave & Cermak Rd,3341
member,Damen Ave & Clybourn Ave,3333
casual,Noble St & Milwaukee Ave,3332
member,Calumet Ave & 33rd St,3316
casual,Museum of Science and Industry,3314
casual,Broadway & Granville Ave,3303
member,Winthrop Ave & Lawrence Ave,3300
casual,LaSalle St & Jackson Blvd,3295
member,Delano Ct & Roosevelt Rd,3295
member,Michigan Ave & Jackson Blvd,3293
casual,Lake Park Ave & 53rd St,3290
member,Damen Ave & Charleston St,3290
casual,Ogden Ave & Race Ave,3286
member,Wolcott (Ravenswood) Ave & Montrose Ave,3272
member,Western Ave & Fillmore St,3270
member,Orleans St & Elm St,3251
member,Wood St & Augusta Blvd,3239
casual,Damen Ave & Thomas St (Augusta Blvd),3221
member,Logan Blvd & Elston Ave,3218
member,Morgan Ave & 14th Pl,3217
member,Racine Ave & Congress Pkwy,3207
casual,Sheridan Rd & Buena Ave,3195
member,Canal St & Jackson Blvd,3180
casual,Humboldt Blvd & Armitage Ave,3174
casual,Larrabee St & North Ave,3159
member,Ashland Ave & Wrightwood Ave,3152
casual,Aberdeen St & Jackson Blvd,3147
casual,Jefferson St & Monroe St,3129
member,Leavitt St & Armitage Ave,3121
casual,Wabash Ave & 16th St,3119
casual,Desplaines St & Jackson Blvd,3091
casual,LaSalle St & Washington St,3091
casual,Orleans St & Hubbard St,3053
member,Marshfield Ave & Cortland St,3033
casual,Clark St & 9th St (AMLI),3029
member,Blue Island Ave & 18th St,3027
member,Canal St & Taylor St,3025
member,Elizabeth (May) St & Fulton St,3025
member,Campbell Ave & North Ave,3022
casual,Delano Ct & Roosevelt Rd,2997
casual,University Ave & 57th St,2988
casual,DuSable Lake Shore Dr & Belmont Ave,2986
member,Lake Park Ave & 53rd St,2985
member,Blackstone Ave & Hyde Park Blvd,2980
casual,Walsh Park,2979
casual,Clinton St & Roosevelt Rd,2970
casual,Ashland Ave & Wrightwood Ave,2965
casual,Campbell Ave & North Ave,2957
casual,Racine Ave & Wrightwood Ave,2953
casual,Dearborn St & Adams St,2952
casual,DuSable Lake Shore Dr & Diversey Pkwy,2948
member,Benson Ave & Church St,2946
member,Seeley Ave & Roscoe St,2946
member,Clark St & Ida B Wells Dr,2937
casual,Western Ave & Walton St,2933
member,LaSalle St & Adams St,2931
member,Western Ave & Division St,2931
casual,Leavitt St & North Ave,2915
casual,Fairbanks St & Superior St,2908
member,Sedgwick St & Schiller St,2907
member,Leavitt St & Chicago Ave,2903
casual,DuSable Lake Shore Dr & Ohio St,2892
casual,Clarendon Ave & Leland Ave,2886
casual,Broadway & Thorndale Ave,2881
casual,Greenview Ave & Diversey Pkwy,2866
member,Ashland Ave & Grand Ave,2863
casual,Wacker Dr & Washington St,2832
casual,Ashland Ave & Grand Ave,2805
member,Racine Ave & Washington Blvd,2791
casual,Broadway & Berwyn Ave,2767
casual,Clinton St & Jackson Blvd,2765
member,Damen Ave & Wellington Ave,2754
casual,Damen Ave & Charleston St,2730
member,Racine Ave & Randolph St,2716
casual,DuSable Lake Shore Dr & Wellington Ave,2712
casual,Ashland Ave & Grace St,2711
casual,Ada St & Washington Blvd,2697
member,Leavitt St & Division St,2696
member,Humboldt Blvd & Armitage Ave,2688
member,Indiana Ave & 26th St,2656
member,California Ave & Cortez St,2653
member,Michigan Ave & Ida B Wells Dr,2628
member,DuSable Lake Shore Dr & Wellington Ave,2624
casual,Winthrop Ave & Lawrence Ave,2589
casual,Southport Ave & Irving Park Rd,2579
casual,Ellis Ave & 55th St,2567
member,Stave St & Armitage Ave,2559
member,California Ave & Altgeld St,2546
member,Sheridan Rd & Columbia Ave,2545
member,Milwaukee Ave & Rockwell St,2544
member,Chicago Ave & Washington St,2539
member,Sheridan Rd & Loyola Ave,2538
casual,Sedgwick St & Schiller St,2537
casual,Lake Park Ave & 35th St,2535
member,Halsted St & Roosevelt Rd,2533
member,California Ave & North Ave,2531
casual,Logan Blvd & Elston Ave,2529
member,Damen Ave & Grand Ave,2524
member,Ravenswood Ave & Berteau Ave,2514
member,Indiana Ave & 31st St,2509
casual,Broadway & Wilson - Truman College Vaccination Site,2508
member,California Ave & Francis Pl (Temp),2502
member,DuSable Lake Shore Dr & Belmont Ave,2487
member,Glenwood Ave & Morse Ave,2482
casual,Wood St & Chicago Ave,2467
casual,Woodlawn Ave & 55th St,2465
member,DuSable Lake Shore Dr & Diversey Pkwy,2465
casual,Broadway & Ridge Ave,2462
casual,Loomis St & Lexington St,2459
casual,Western Ave & Division St,2454
member,Kedzie Ave & Palmer Ct,2453
casual,Lake Park Ave & 56th St,2452
casual,Sheridan Rd & Loyola Ave,2445
member,Paulina St & 18th St,2444
casual,Ashland Ave & Augusta Blvd,2414
member,Rockwell St & Eastwood Ave,2412
casual,Seeley Ave & Roscoe St,2411
member,Damen Ave & Foster Ave,2398
casual,Benson Ave & Church St,2384
casual,Racine Ave & 18th St,2382
member,Cannon Dr & Fullerton Ave,2361
member,Campbell Ave & Montrose Ave,2356
casual,Halsted St & Maxwell St,2347
casual,Sheridan Rd & Lawrence Ave,2345
casual,Leavitt St & Armitage Ave,2337
member,Wood St & Hubbard St,2329
casual,Blackstone Ave & Hyde Park Blvd,2317
casual,May St & Taylor St,2308
member,State St & 35th St,2301
member,Ashland Ave & 13th St,2298
member,Albany Ave & Bloomingdale Ave,2290
member,California Ave & Division St,2267
member,Leavitt St & Belmont Ave,2254
member,Morgan St & 18th St,2228
casual,Canal St & Taylor St,2227
casual,Canal St & Monroe St,2223
casual,Financial Pl & Ida B Wells Dr,2214
casual,California Ave & North Ave,2210
casual,Clybourn Ave & Division St,2206
member,Rhodes Ave & 32nd St,2201
member,Washtenaw Ave & Lawrence Ave,2189
member,Greenview Ave & Jarvis Ave,2187
casual,Albany Ave & Bloomingdale Ave,2185
casual,Orleans St & Elm St,2184
casual,California Ave & Francis Pl (Temp),2170
member,Buckingham Fountain,2159
member,Shields Ave & 31st St,2157
casual,Stave St & Armitage Ave,2156
casual,Wood St & Augusta Blvd,2154
casual,Clark St & Bryn Mawr Ave,2150
casual,LaSalle St & Adams St,2142
casual,Damen Ave & Wellington Ave,2141
member,Damen Ave & Sunnyside Ave,2136
casual,Blue Island Ave & 18th St,2130
member,Southport Ave & Clark St,2128
casual,Chicago Ave & Sheridan Rd,2114
casual,Western Ave & Leland Ave,2111
casual,Milwaukee Ave & Rockwell St,2101
member,Sheridan Rd & Noyes St (NU),2087
casual,Kedzie Ave & Palmer Ct,2085
casual,Paulina St & Flournoy St,2084
member,DuSable Lake Shore Dr & Monroe St,2075
casual,Clark St & Montrose Ave,2071
casual,Ellis Ave & 53rd St,2071
member,Eastlake Ter & Rogers Ave,2058
casual,Damen Ave & Grand Ave,2035
member,Harper Ave & 59th St,2034
member,Paulina St & Montrose Ave,2031
casual,Larrabee St & Oak St,2028
member,McClurg Ct & Illinois St,2015
casual,McCormick Place,2011
casual,California Ave & Cortez St,2007
member,Campbell Ave & Fullerton Ave,2004
casual,Ashland Ave & Wellington Ave,1992
casual,Lincoln Ave & Belle Plaine Ave,1989
member,Clark St & Elmdale Ave,1981
member,Museum of Science and Industry,1981
casual,900 W Harrison St,1973
casual,Larrabee St & Menomonee St,1969
casual,Sheridan Rd & Noyes St (NU),1941
casual,Morgan St & 18th St,1936
member,Artesian Ave & Hubbard St,1934
member,California Ave & Montrose Ave,1929
member,Ashland Ave & Lake St,1916
casual,California Ave & Division St,1906
member,Clinton St & Tilden St,1906
member,Winchester Ave & Elston Ave,1901
member,Broadway & Wilson Ave,1890
casual,Central Park Ave & Bloomingdale Ave,1884
casual,McClurg Ct & Illinois St,1881
member,Clinton St & 18th St,1862
casual,Racine Ave & Randolph St,1860
casual,Leavitt St & Chicago Ave,1856
casual,Clark St & Ida B Wells Dr,1855
casual,California Ave & Altgeld St,1854
casual,Lincoln Ave & Waveland Ave,1834
casual,Elston Ave & Cortland St,1819
casual,Spaulding Ave & Armitage Ave,1817
casual,Damen Ave & Clybourn Ave,1814
casual,Elizabeth (May) St & Fulton St,1793
member,Ogden Ave & Congress Pkwy,1793
member,Elston Ave & Wabansia Ave,1787
member,Morgan St & 31st St,1786
member,Wallace St & 35th St,1782
member,Elston Ave & Cortland St,1780
member,Lincoln Ave & Addison St,1778
casual,Campbell Ave & Fullerton Ave,1774
casual,Lincoln Ave & Sunnyside Ave,1765
casual,Loomis St & Jackson Blvd,1759
casual,Ashland Ave & Lake St,1746
member,Clark St & Schreiber Ave,1698
casual,Wabash Ave & Cermak Rd,1690
member,Leavitt St & Lawrence Ave,1690
casual,Glenwood Ave & Morse Ave,1689
member,Emerald Ave & 28th St,1687
casual,Damen Ave & Melrose Ave,1686
casual,Racine Ave & Washington Blvd,1673
member,Ashland Ave & Belle Plaine Ave,1673
casual,Calumet Ave & 21st St,1670
casual,Ravenswood Ave & Irving Park Rd,1665
member,Spaulding Ave & Armitage Ave,1654
casual,Wolcott (Ravenswood) Ave & Montrose Ave,1650
member,Damen Ave & Melrose Ave,1649
casual,MLK Jr Dr & 29th St,1648
casual,63rd St Beach,1646
casual,California Ave & Fletcher St,1632
casual,Damen Ave & Leland Ave,1627
casual,Ellis Ave & 58th St,1613
member,California Ave & Fletcher St,1603
casual,Paulina St & 18th St,1601
member,DuSable Lake Shore Dr & Ohio St,1591
casual,Wood St & Hubbard St,1574
member,State St & 19th St,1574
casual,Troy St & North Ave,1569
casual,Marshfield Ave & Cortland St,1562
member,Talman Ave & Addison St,1561
member,Canal St & Harrison St,1560
member,Lincoln Ave & Winona St,1559
casual,Leavitt St & Belmont Ave,1553
casual,Lake Park Ave & 47th St,1545
casual,Damen Ave & Foster Ave,1536
casual,Wells St & 19th St,1528
member,Western Ave & Roscoe St,1522
member,Clark St & Lunt Ave,1518
casual,Sheridan Rd & Columbia Ave,1516
member,Wabash Ave & Cermak Rd,1508
member,Calumet Ave & 21st St,1505
member,Damen Ave & Madison St,1503
member,Clark St & Columbia Ave,1502
member,Western Ave & Congress Pkwy,1496
member,Francisco Ave & Foster Ave,1475
casual,Morgan St & Polk St,1465
casual,State St & 19th St,1462
casual,Canal St & Jackson Blvd,1436
casual,Lincoln Ave & Addison St,1436
member,Racine Ave & 15th St,1434
member,Sheridan Rd & Greenleaf Ave,1433
casual,Chicago Ave & Washington St,1428
casual,Rhodes Ave & 32nd St,1419
member,Troy St & North Ave,1418
member,Manor Ave & Leland Ave,1411
casual,Leavitt St & Division St,1410
casual,Wolcott Ave & Polk St,1403
member,Western Ave & 21st St,1396
member,Damen Ave & Cullerton St,1389
member,Leavitt St & Addison St,1383
member,Halsted St & 18th St,1378
member,Field Museum,1369
casual,Ashland Ave & Belle Plaine Ave,1360
member,Damen Ave & Walnut (Lake) St,1353
member,University Library (NU),1348
casual,Winchester Ave & Elston Ave,1346
member,Albany Ave & Montrose Ave,1339
member,Western Ave & Monroe St,1339
member,Smith Park,1336
casual,St. Louis Ave & Fullerton Ave,1334
member,Lake Park Ave & 47th St,1327
casual,State St & 33rd St,1321
casual,Kosciuszko Park,1320
member,Troy St & Elston Ave,1319
casual,Cottage Grove Ave & Oakwood Blvd,1310
casual,Halsted St & Polk St,1301
member,Central Park Ave & Bloomingdale Ave,1290
member,Hermitage Ave & Polk St,1289
casual,Southport Ave & Clark St,1285
member,California Ave & Byron St,1267
member,Halsted St & North Branch St,1261
casual,Throop St & Taylor St,1255
member,Claremont Ave & Hirsch St,1248
member,Chicago Ave & Sheridan Rd,1235
member,Paulina St & Howard St,1234
casual,Sheridan Rd & Greenleaf Ave,1214
casual,Paulina St & Montrose Ave,1210
member,Oakley Ave & Irving Park Rd,1209
member,Hoyne Ave & Balmoral Ave,1201
member,Wentworth Ave & 33rd St,1198
casual,California Ave & Montrose Ave,1194
casual,Washtenaw Ave & Lawrence Ave,1177
member,Glenwood Ave & Touhy Ave,1176
casual,Laflin St & Cullerton St,1165
member,Spaulding Ave & Division St,1156
casual,Clark St & Elmdale Ave,1146
casual,South Shore Dr & 71st St,1146
member,May St & Cullerton St,1137
casual,Racine Ave & Congress Pkwy,1136
casual,Emerald Ave & 31st St,1129
casual,Damen Ave & Cullerton St,1128
casual,Damen Ave & Madison St,1127
casual,Lincoln Ave & Winona St,1123
casual,University Library (NU),1123
member,St. Louis Ave & Fullerton Ave,1120
member,Central Park Ave & Elbridge Ave,1113
casual,Elston Ave & Wabansia Ave,1108
casual,Damen Ave & Sunnyside Ave,1103
casual,Greenwood Ave & 47th St,1103
member,Laflin St & Cullerton St,1098
member,Richmond St & Diversey Ave,1098
casual,Morgan St & 31st St,1076
member,South Shore Dr & 71st St,1074
casual,Clinton St & Tilden St,1068
member,Kimball Ave & Belmont Ave,1061
member,Western Ave & Lunt Ave,1061
casual,California Ave & Byron St,1055
casual,Western Ave & Roscoe St,1054
member,Ogden Ave & Roosevelt Rd,1051
casual,Richmond St & Diversey Ave,1049
casual,Morgan Ave & 14th Pl,1047
member,Calumet Ave & 35th St,1044
member,Lake Park Ave & 35th St,1042
casual,Damen Ave & Walnut (Lake) St,1040
member,Winchester (Ravenswood) Ave & Balmoral Ave,1037
casual,Oakley Ave & Irving Park Rd,1032
member,Wells St & 19th St,1023
casual,Halsted St & Roosevelt Rd,1022
member,Greenwood Ave & 47th St,1018
casual,South Shore Dr & 67th St,1008
casual,Central Park Ave & Elbridge Ave,1004
casual,Halsted St & 18th St,989
casual,Wentworth Ave & 24th St (Temp),988
casual,Racine Ave & 15th St,981
casual,Clark St & Schreiber Ave,979
casual,Western Ave & Fillmore St,967
casual,Claremont Ave & Hirsch St,963
casual,Kimball Ave & Belmont Ave,962
casual,Leavitt St & Addison St,962
member,Normal Ave & Archer Ave,962
member,Kosciuszko Park,961
casual,Avers Ave & Belmont Ave,949
casual,Harper Ave & 59th St,942
casual,Leavitt St & Lawrence Ave,941
casual,Troy St & Elston Ave,941
casual,Eastlake Ter & Rogers Ave,938
casual,May St & Cullerton St,937
casual,Western Ave & Congress Pkwy,934
casual,W Oakdale Ave & N Broadway,931
casual,Spaulding Ave & Division St,930
member,Halsted St & Archer Ave,925
casual,Canal St & Harrison St,924
member,Halsted St & 35th St,922
member,Wentworth Ave & 24th St (Temp),921
casual,Halsted St & North Branch St,920
casual,Francisco Ave & Foster Ave,918
casual,Greenview Ave & Jarvis Ave,918
casual,Ravenswood Ave & Berteau Ave,918
member,Woodlawn Ave & Lake Park Ave,918
casual,State St & 35th St,910
member,Cottage Grove Ave & Oakwood Blvd,909
casual,Talman Ave & Addison St,901
casual,Evanston Civic Center,893
casual,Indiana Ave & 31st St,883
casual,Indiana Ave & 26th St,881
casual,Clinton St & 18th St,876
casual,Halsted St & 21st St,872
member,McCormick Place,865
casual,Paulina St & Howard St,864
casual,Woodlawn Ave & Lake Park Ave,859
casual,Clark St & Lunt Ave,852
casual,Smith Park,848
casual,Calumet Ave & 33rd St,846
casual,Broadway & Wilson Ave,838
member,Central St Metra,836
member,Cherry Ave & Blackhawk St,829
member,Dorchester Ave & 49th St,816
member,Bernard St & Elston Ave,811
member,Christiana Ave & Lawrence Ave,809
casual,Central Park Ave & North Ave,806
casual,Warren Park West,806
member,Washtenaw Ave & Ogden Ave,801
member,Drake Ave & Montrose Ave,799
casual,Albany Ave & Montrose Ave,782
member,Avers Ave & Belmont Ave,781
casual,Shields Ave & 28th Pl,778
member,Halsted St & 21st St,778
casual,MLK Jr Dr & Pershing Rd,777
member,Burling St (Halsted) & Diversey Pkwy (Temp),777
casual,Wood St & Taylor St (Temp),773
member,Clark St & Touhy Ave,768
casual,Monticello Ave & Irving Park Rd,767
casual,Glenwood Ave & Touhy Ave,760
casual,Hoyne Ave & Balmoral Ave,753
casual,Prairie Ave & 43rd St,753
casual,Christiana Ave & Lawrence Ave,750
casual,Clark St & Columbia Ave,747
member,63rd St Beach,743
member,Loomis St & Archer Ave,743
member,Valli Produce - Evanston Plaza,735
casual,Rockwell St & Eastwood Ave,734
casual,MLK Jr Dr & 47th St,729
casual,Campbell Ave & Montrose Ave,726
casual,Cottage Grove Ave & 51st St,726
member,MLK Jr Dr & Pershing Rd,721
casual,Avondale Ave & Irving Park Rd,719
casual,Western Ave & Monroe St,719
member,Shields Ave & 28th Pl,719
member,Clinton St & Polk St,716
casual,Calumet Ave & 51st St,715
member,Kedzie Ave & Foster Ave,711
casual,Kedzie Ave & Leland Ave,710
member,2112 W Peterson Ave,709
casual,Wentworth Ave & 33rd St,706
casual,Wentworth Ave & 35th St,696
casual,Calumet Ave & 35th St,693
member,W Oakdale Ave & N Broadway,692
member,Central St & Girard Ave,686
casual,Sawyer Ave & Irving Park Rd,684
member,Wentworth Ave & 35th St,682
member,Western Ave & Granville Ave,672
member,Clark St & Jarvis Ave,669
casual,Western Ave & Granville Ave,668
member,Avondale Ave & Irving Park Rd,665
member,Kedzie Ave & Leland Ave,665
member,Warren Park East,665
casual,Halsted St & 35th St,664
casual,Keystone Ave & Fullerton Ave,662
member,Monticello Ave & Irving Park Rd,658
casual,Western Ave & 21st St,653
casual,Jeffery Blvd & 67th St,650
member,California Ave & 21st St,632
casual,N Green St & W Lake St,630
casual,Ashland Ave & 13th St,628
casual,Kedzie Ave & Foster Ave,622
member,Cottage Grove Ave & 51st St,621
casual,Racine Ave & 13th St,610
casual,Shields Ave & 31st St,610
casual,Halsted St & Archer Ave,596
casual,Cottage Grove Ave & 47th St,593
member,California Ave & 23rd Pl,592
casual,Cottage Grove Ave & 43rd St,582
member,Elmwood Ave & Austin St,582
casual,Budlong Woods Library,581
casual,Wallace St & 35th St,580
casual,Dorchester Ave & 49th St,579
member,Racine Ave & 35th St,578
member,Ashland Ave & Archer Ave,570
member,Lincolnwood Dr & Central St,569
casual,Valli Produce - Evanston Plaza,568
member,Sawyer Ave & Irving Park Rd,564
casual,Ogden Ave & Congress Pkwy,563
member,Throop (Loomis) St & Taylor St,563
member,Kedzie Ave & Bryn Mawr Ave,561
casual,Prairie Ave & Garfield Blvd,560
member,Racine Ave & 13th St,560
casual,Manor Ave & Leland Ave,557
casual,Conservatory Dr & Lake St,556
casual,Winchester (Ravenswood) Ave & Balmoral Ave,556
member,South Shore Dr & 67th St,556
member,Kedzie Ave & Chicago Ave,552
member,Cottage Grove Ave & 47th St,548
member,Bosworth Ave & Howard St,544
member,Malcolm X College Vaccination Site,542
casual,Cherry Ave & Blackhawk St,540
casual,Clinton St & Polk St,539
casual,Bernard St & Elston Ave,533
casual,Central St & Girard Ave,532
casual,Dorchester Ave & 63rd St,532
casual,Artesian Ave & Hubbard St,530
casual,Emerald Ave & 28th St,529
member,Western Ave & 24th St,527
casual,Ogden Ave & Roosevelt Rd,516
casual,Kedzie Ave & Bryn Mawr Ave,515
casual,Cottage Grove Ave & 63rd St,513
member,Evanston Civic Center,499
casual,Loomis St & Archer Ave,498
member,N Green St & W Lake St,494
casual,Western Ave & Lunt Ave,488
casual,Central St Metra,482
casual,Drake Ave & Montrose Ave,475
casual,Keystone Ave & Montrose Ave,470
casual,Racine Ave & 35th St,468
member,Central Park Ave & North Ave,466
member,Milwaukee Ave & Cuyler Ave,466
member,Warren Park West,466
member,Budlong Woods Library,465
casual,Warren Park East,462
casual,California Ave & 21st St,461
member,Leavitt St & Archer Ave,454
member,South Shore Dr & 74th St,453
member,Union Ave & Root St,451
casual,Malcolm X College Vaccination Site,450
member,Dodge Ave & Church St,441
member,Halsted St & 37th St,441
member,Western Ave & Howard St,435
member,Chicago Ave & Dempster St,433
casual,Burling St (Halsted) & Diversey Pkwy (Temp),430
casual,Kedzie Ave & Chicago Ave,430
member,Prairie Ave & 43rd St,419
member,California Ave & Lake St,418
casual,Oakley Ave & Touhy Ave,417
casual,Kedzie Ave & Lake St,414
casual,Western Ave & Howard St,413
casual,Washtenaw Ave & Ogden Ave,409
member,Damen Ave & Coulter St,409
casual,Austin Blvd & Lake St,407
casual,St. Louis Ave & Balmoral Ave,407
member,Central Ave & Chicago Ave,406
casual,South Shore Dr & 74th St,405
casual,Ashland Ave & Archer Ave,399
casual,Eberhart Ave & 61st St,399
casual,State St & 29th St,399
casual,Milwaukee Ave & Cuyler Ave,394
casual,Wood St & 35th St,394
casual,Maplewood Ave & Peterson Ave,393
casual,Jeffery Blvd & 71st St,389
casual,California Ave & Lake St,388
member,Keystone Ave & Montrose Ave,387
member,Drake Ave & Addison St,386
member,Cottage Grove Ave & 43rd St,385
casual,Cornell Dr & Hayes Dr,384
casual,Stony Island Ave & 64th St,382
casual,Ridge Blvd & Touhy Ave,380
casual,State St & 95th St,378
member,DuSable Museum,377
member,Kildare Ave & Montrose Ave,372
casual,Hermitage Ave & Polk St,371
casual,Stony Island Ave & 67th St,370
member,Kedzie Ave & Lake St,361
casual,Drake Ave & Addison St,360
casual,Archer (Damen) Ave & 37th St,356
casual,2112 W Peterson Ave,355
member,St. Louis Ave & Balmoral Ave,354
member,Prairie Ave & Garfield Blvd,350
member,Wood St & Taylor St,350
casual,Pulaski Rd & Eddy St (Temp),348
casual,Western Ave & 24th St,347
casual,Elmwood Ave & Austin St,346
casual,Stony Island Ave & 71st St,342
casual,Damen Ave & Wabansia Ave,338
casual,Normal Ave & Archer Ave,337
member,Conservatory Dr & Lake St,337
member,Keystone Ave & Fullerton Ave,337
casual,Damen Ave & Pershing Rd,335
casual,Dodge Ave & Mulford St,334
casual,Kildare Ave & Montrose Ave,331
casual,Leavitt St & Archer Ave,330
casual,Ridge Blvd & Howard St,330
casual,Clark St & Jarvis Ave,325
casual,Bosworth Ave & Howard St,324
member,Indiana Ave & 40th St,324
member,Wood St & 35th St,323
member,Halsted St & 47th Pl,321
member,Ridge Blvd & Howard St,319
casual,Knox Ave & Montrose Ave,317
casual,Halsted St & 47th Pl,316
casual,Western Blvd & 48th Pl,316
member,Ridge Blvd & Touhy Ave,316
member,Fairfield Ave & Roosevelt Rd,309
casual,Clark St & Touhy Ave,308
member,Kilbourn Ave & Irving Park Rd,307
member,Maplewood Ave & Peterson Ave,304
member,Damen Ave & Pershing Rd,303
casual,Central Park Ave & Ogden Ave,302
casual,Chicago Ave & Dempster St,302
casual,DuSable Museum,299
casual,Halsted St & 37th St,299
casual,MLK Jr Dr & 56th St,292
casual,Dodge Ave & Church St,291
casual,Calumet Park,288
casual,Indiana Ave & 40th St,286
member,Calumet Ave & 51st St,286
casual,Greenwood Ave & 97th St,281
casual,Wolcott Ave & Fargo Ave,281
member,Dorchester Ave & 63rd St,281
member,State St & 29th St,279
member,Pulaski Rd & Eddy St (Temp),278
member,Central Park Ave & Ogden Ave,276
casual,State St & 79th St,275
member,Drake Ave & Fullerton Ave,275
casual,Halsted St & 18th St (Temp),269
casual,Rainbow Beach,266
casual,Wabash Ave & 87th St,266
casual,Lincolnwood Dr & Central St,260
casual,W Armitage Ave & N Sheffield Ave,259
casual,Damen Ave & Coulter St,258
member,Sacramento Blvd & Franklin Blvd,256
casual,California Ave & 23rd Pl,252
casual,Prospect Sq & 91st St,251
member,Knox Ave & Montrose Ave,251
casual,Throop (Loomis) St & Taylor St,249
casual,Kilbourn Ave & Irving Park Rd,246
member,Oakley Ave & Touhy Ave,243
casual,Stony Island Ave & 75th St,241
member,Halsted St & 18th St (Temp),241
casual,Central Park Blvd & 5th Ave,240
member,Malcolm X College,240
casual,Big Marsh Park,239
casual,Central Ave & Lake St,238
casual,Princeton Ave & 47th St,236
member,Damen Ave & Wabansia Ave,236
casual,Union Ave & Root St,234
casual,Walden Pkwy & 100th St,233
member,Dodge Ave & Mulford St,233
casual,Kedzie Ave & Roosevelt Rd,231
member,Jeffery Blvd & 67th St,231
casual,Fairfield Ave & Roosevelt Rd,230
member,Cottage Grove Ave & 63rd St,230
member,MLK Jr Dr & 47th St,229
member,State St & Pershing Rd,228
casual,Millard Ave & 26th St,227
member,Stony Island Ave & 75th St,227
member,Kilbourn Ave & Milwaukee Ave,226
casual,Kilbourn Ave & Milwaukee Ave,220
casual,Phillips Ave & 79th St,216
casual,Elizabeth St & 92nd St,215
member,Stony Island Ave & 82nd St,212
casual,Austin Blvd & Madison St,211
casual,Wentworth Ave & 63rd St,208
casual,Central Ave & Chicago Ave,204
casual,Princeton Ave & Garfield Blvd,201
casual,Kedzie Ave & 21st St,200
casual,MLK Jr Dr & 63rd St,200
member,Base - 2132 W Hubbard Warehouse,200
casual,Dauphin Ave & 87th St,198
member,W Armitage Ave & N Sheffield Ave,195
casual,State St & 123rd St,194
member,Archer (Damen) Ave & 37th St,193
member,Wolcott Ave & Fargo Ave,192
casual,Cottage Grove Ave & 67th St,191
casual,Greenwood Ave & 79th St,191
casual,Austin Blvd & Chicago Ave,190
casual,Lawndale Ave & 111th St,190
member,Ashland Ave & Pershing Rd,190
member,Central Ave & Madison St,189
casual,Burnham Greenway & 105th St,186
casual,Cottage Grove Ave & 83rd St,185
casual,Jeffery Blvd & 76th St,181
casual,Albany Ave & 26th St,180
casual,Cottage Grove Ave & 78th St,179
casual,Vernon Ave & 75th St,177
casual,Perry Ave & 69th St,176
casual,State St & 54th St,176
casual,Cottage Grove Ave & 111th Pl,175
casual,Drake Ave & Fullerton Ave,175
casual,Loomis Blvd & 84th St,175
casual,Baltimore Ave & 87th St,174
casual,Major Taylor Trail & 115th St,172
member,Marshfield Ave & 44th St,172
casual,Yates Blvd & 75th St,170
casual,Vernon Ave & 107th St,169
casual,Eggleston Ave & 92nd St,168
casual,Hale Ave & 107th St,168
member,MLK Jr Dr & 56th St,168
casual,Pulaski Rd & Lake St,166
casual,Stewart Ave & 83rd St,165
casual,Hoyne Ave & 47th St,164
member,Albany Ave & 26th St,164
casual,N Sheffield Ave & W Wellington Ave,161
casual,Stony Island Ave & South Chicago Ave,161
casual,Western Ave & 111th St,160
casual,Ashland Ave & McDowell Ave,159
member,Ashland Ave & McDowell Ave,159
member,Kedzie Ave & 21st St,159
casual,Dodge Ave & Main St,157
casual,Eberhart Ave & 91st St,156
casual,Pulaski Rd & Congress Pkwy,156
member,Dodge Ave & Main St,156
casual,Racine Ave & Garfield Blvd,155
casual,Halsted St & 104th St,152
member,Central Park Blvd & 5th Ave,152
casual,State St & Pershing Rd,151
casual,Exchange Ave & 79th St,149
casual,N Southport Ave & W Newport Ave,148
casual,Vernon Ave & 79th St,146
member,Princeton Ave & Garfield Blvd,146
casual,Kedzie Ave & Harrison St,144
member,Cornell Dr & Hayes Dr,144
casual,Halsted St & 111th St,143
member,California Ave & 26th St,143
member,Eberhart Ave & 61st St,143
casual,Marquette Ave & 89th St,142
member,Austin Blvd & Lake St,142
casual,Cicero Ave & Lake St,141
casual,Sacramento Blvd & Franklin Blvd,141
member,Stony Island Ave & 64th St,141
casual,Houston Ave & 92nd St,138
casual,Stony Island Ave & 82nd St,138
casual,Ellis Ave & 83rd St,137
member,Princeton Ave & 47th St,137
casual,Kedzie Ave & 24th St,135
casual,Indiana Ave & 103rd St,132
member,Jeffery Blvd & 71st St,132
casual,Ashland Ave & 50th St,131
casual,Evans Ave & 75th St,131
casual,Central Park Ave & 24th St,130
casual,Oglesby Ave & 100th St,128
casual,Cottage Grove Ave & 71st St,127
casual,Central Ave & Harrison St,124
member,Hoyne Ave & 47th St,123
member,Stony Island Ave & 67th St,123
casual,Commercial Ave & 130th St,121
casual,Damen Ave & 59th St,121
member,Austin Blvd & Madison St,120
casual,Ashland Ave & 63rd St,118
casual,Ashland Ave & 78th St,118
casual,Western Ave & 104th St,118
casual,Ashland Ave & Pershing Rd,116
casual,Commercial Ave & 83rd St,116
casual,Stewart Ave & 63rd St,116
casual,Bradley Park,115
casual,Halsted St & 73rd St,115
casual,Eggleston Ave & 69th St,114
casual,Avenue O & 134th St,112
casual,Central Ave & Madison St,112
casual,Homewood Ave & 115th St,112
casual,Dauphin Ave & 103rd St,111
member,N Sheffield Ave & W Wellington Ave,111
member,Pulaski Rd & Lake St,111
casual,Chicago State University,110
casual,Phillips Ave & 83rd St,110
member,Austin Blvd & Chicago Ave,110
casual,Avenue O & 118th St,109
casual,Loomis St & 89th St,109
casual,California Ave & 26th St,108
casual,Bennett Ave & 79th St,106
casual,Stony Island Ave & 90th St,106
casual,Cicero Ave & Quincy St,105
casual,Laramie Ave & Madison St,105
member,State St & 79th St,103
casual,Eberhart Ave & 131st St,101
casual,Halsted & 63rd - Kennedy-King Vaccination Site,101
member,N Southport Ave & W Newport Ave,101
member,Stony Island Ave & 71st St,100
casual,Marshfield Ave & 44th St,99
member,Rainbow Beach,99
casual,Clyde Ave & 87th St,98
casual,Damen Ave & 51st St,98
casual,East End Ave & 87th St,98
casual,Halsted St & 96th St,98
casual,Major Taylor Trail & 124th St,98
member,State St & 95th St,98
member,Western Blvd & 48th Pl,98
casual,Torrence Ave & 106th St,97
casual,Karlov Ave & Madison St,96
casual,Latrobe Ave & Chicago Ave,96
casual,Summit Ave & 86th St,96
casual,May St & 69th St,95
member,Morgan St & Pershing Rd,94
casual,Michigan Ave & 114th St,93
member,Laramie Ave & Madison St,93
member,Yates Blvd & 75th St,93
casual,Laramie Ave & Kinzie St,92
casual,Shields Ave & 43rd St,92
member,Cottage Grove Ave & 67th St,92
member,Eggleston Ave & 92nd St,90
member,Phillips Ave & 79th St,90
casual,Halsted St & 78th St,89
member,Baltimore Ave & 87th St,88
casual,Michigan Ave & 71st St,86
casual,Greenwood Ave & 91st St,85
member,Central Ave & Lake St,85
casual,Altgeld Gardens,84
member,State St & 54th St,84
casual,Ada St & 113th St,83
casual,South Chicago Ave & 83rd St,83
casual,Wentworth Ave & 104th St,83
member,Ashland Ave & 66th St,83
member,Kostner Ave & Adams St,83
member,Millard Ave & 26th St,83
casual,Ashland Ave & 66th St,82
casual,Constance Ave & 95th St,81
casual,Malcolm X College,79
member,East End Ave & 87th St,79
casual,Calumet Ave & 71st St,78
casual,Ewing Ave & Burnham Greenway,78
casual,Kedzie Ave & 110th St,78
member,Stony Island Ave & South Chicago Ave,77
casual,Rhodes Ave & 71st St,76
member,Prospect Sq & 91st St,76
member,Central Park Ave & 24th St,75
member,MLK Jr Dr & 63rd St,73
casual,Ashland Ave & Garfield Blvd,72
casual,Halsted St & 56th St,72
member,Halsted St & 96th St,72
casual,Vincennes Ave & 104th St,71
casual,Throop St & 52nd St,70
member,Greenwood Ave & 97th St,70
casual,Wabash Ave & 83rd St,69
casual,Wood St & Taylor St,69
member,Big Marsh Park,69
casual,Kenton Ave & Madison St,68
casual,Kostner Ave & Adams St,68
member,Perry Ave & 69th St,67
casual,Yates Blvd & 93rd St,66
casual,Ashland Ave & 74th St,64
casual,Commercial Ave & 100th St,64
casual,Halsted St & 69th St,62
member,Western & 28th - Velasquez Institute Vaccination Site,62
casual,Kostner Ave & Lake St,61
casual,Elizabeth St & 47th St,60
casual,MLK Jr Dr & 83rd St,60
casual,Vincennes Ave & 75th St,60
member,Wabash Ave & 87th St,60
member,Wentworth Ave & 63rd St,60
casual,Halsted St & 63rd St,59
member,Clyde Ave & 87th St,59
member,Major Taylor Trail & 115th St,59
member,Eggleston Ave & 69th St,58
member,Laramie Ave & Kinzie St,55
member,Cottage Grove Ave & 83rd St,54
member,Jeffery Blvd & 76th St,54
member,Central Ave & Harrison St,53
member,Kedzie Ave & 24th St,53
member,Kedzie Ave & Roosevelt Rd,53
member,Latrobe Ave & Chicago Ave,53
casual,Racine Ave & 65th St,52
member,Ashland Ave & 63rd St,52
member,Loomis Blvd & 84th St,52
member,Western Ave & 28th St,51
casual,Halsted St & 51st St,49
casual,Woodlawn Ave & 75th St,49
member,Vernon Ave & 75th St,49
member,Ewing Ave & Burnham Greenway,48
casual,Morgan St & Pershing Rd,47
member,Dauphin Ave & 87th St,47
casual,Laramie Ave & Gladys Ave,46
casual,N Carpenter St & W Lake St,46
casual,Seeley Ave & Garfield Blvd,46
member,N Carpenter St & W Lake St,46
member,Stony Island Ave & 90th St,46
casual,Cicero Ave & Flournoy St,45
casual,W Washington Blvd & N Peoria St,45
member,Cicero Ave & Flournoy St,45
member,Indiana Ave & 103rd St,45
casual,Lamon Ave & Belmont Ave,44
member,Burnham Greenway & 105th St,44
member,Calumet Park,43
member,Shields Ave & 43rd St,43
member,HUBBARD ST BIKE CHECKING (LBS-WH-TEST),42
member,Seeley Ave & Garfield Blvd,42
casual,Halsted St & 59th St,41
casual,Marshfield Ave & 59th St,41
member,Evans Ave & 75th St,41
member,Halsted & 63rd - Kennedy-King Vaccination Site,41
member,May St & 69th St,41
casual,Elizabeth St & 59th St,40
member,Commercial Ave & 83rd St,40
casual,Hegewisch Metra Station,39
casual,Mulligan Ave & Wellington Ave,38
member,Elizabeth St & 47th St,38
member,Halsted St & 63rd St,38
member,Michigan Ave & 71st St,38
member,Summit Ave & 86th St,38
member,Greenwood Ave & 79th St,37
member,Houston Ave & 92nd St,37
member,Racine Ave & Garfield Blvd,37
member,Walden Pkwy & 100th St,37
casual,Meade Ave & Diversey Ave,36
casual,N Paulina St & Lincoln Ave,36
casual,State St & 76th St,36
casual,Torrence Ave & 126th Pl,36
casual,Western & 28th - Velasquez Institute Vaccination Site,36
member,Marquette Ave & 89th St,36
casual,Homan Ave & Fillmore St,35
member,Hale Ave & 107th St,35
member,Halsted St & 56th St,35
member,W Washington Blvd & N Peoria St,35
casual,Maryland Ave & 104th St,34
member,Chicago State University,34
casual,Lavergne & Fullerton,32
casual,Long & Irving Park,32
casual,W 103rd St & S Avers Ave,32
casual,Lockwood Ave & Wrightwood Ave,31
member,Ashland Ave & Garfield Blvd,31
member,Exchange Ave & 79th St,31
member,Halsted St & 69th St,31
member,Pulaski Rd & Congress Pkwy,31
member,Stewart Ave & 63rd St,31
member,Bennett Ave & 79th St,30
member,Kedzie Ave & Harrison St,30
casual,Mason Ave & Belmont Ave,29
member,Halsted St & 111th St,29
member,Laramie Ave & Gladys Ave,29
casual,Central Ave & Parker Ave,28
casual,Racine Ave & 61st St,28
casual,Woodlawn & 103rd - Olive Harvey Vaccination Site,28
casual,Kostner Ave & Wrightwood Ave,27
casual,Lamon Ave & Armitage Ave,27
member,Cicero Ave & Lake St,27
member,Eberhart Ave & 91st St,27
member,Oglesby Ave & 100th St,27
member,Vincennes Ave & 104th St,27
casual,Carpenter St & 63rd St,26
casual,Narragansett Ave & School St,26
member,Ashland Ave & 50th St,26
member,Cottage Grove Ave & 78th St,26
member,Karlov Ave & Madison St,26
member,Vernon Ave & 79th St,26
casual,Kedzie Ave & 104th St,25
member,Halsted St & 51st St,25
member,N Paulina St & Lincoln Ave,25
casual,S Aberdeen St & W 106th St,24
casual,South Chicago Ave & Elliot Ave,24
member,Bradley Park,24
member,Constance Ave & 95th St,24
member,Kenton Ave & Madison St,24
member,Throop St & 52nd St,24
casual,Meade Ave & Addison St,23
member,Calumet Ave & 71st St,23
member,Homewood Ave & 115th St,23
member,South Chicago Ave & 83rd St,23
member,Woodlawn Ave & 75th St,23
casual,Central Park Ave & Douglas Blvd,22
casual,Plainfield & Irving Park,22
casual,WATSON TESTING - DIVVY,22
member,Kostner Ave & Lake St,22
member,Long & Irving Park,22
casual,Central Ave & Roscoe St,21
casual,Kilpatrick Ave & Parker Ave,21
member,Ashland Ave & 74th St,21
member,Halsted St & 73rd St,21
member,Stewart Ave & 83rd St,21
casual,Keeler Ave & Roosevelt Rd,20
member,Hegewisch Metra Station,20
member,MLK Jr Dr & 83rd St,20
member,Western Ave & 111th St,20
casual,Oketo Ave & Addison St,19
casual,Spaulding Ave & 16th St,19
member,Cottage Grove Ave & 111th Pl,19
member,Cottage Grove Ave & 71st St,19
member,Halsted St & 78th St,19
member,Long Ave & Belmont Ave,19
member,Major Taylor Trail & 124th St,19
member,Rhodes Ave & 71st St,19
casual,Cicero Ave & Grace St,18
casual,Kilbourn & Roscoe,18
casual,Long Ave & Belden Ave,18
member,Ashland Ave & 78th St,18
member,Cicero Ave & Quincy St,18
member,Wabash Ave & 83rd St,18
casual,Western Ave & 28th St,17
member,Lamon Ave & Belmont Ave,17
member,Wentworth Ave & 104th St,17
member,Western Ave & 104th St,17
member,Halsted St & 104th St,16
member,Lockwood Ave & Wrightwood Ave,16
member,Phillips Ave & 83rd St,16
casual,Lawndale Ave & 16th St,15
casual,Lawndale Ave & 30th St,15
casual,Long Ave & Belmont Ave,15
member,Commercial Ave & 130th St,15
member,Ellis Ave & 83rd St,15
member,Kilbourn & Roscoe,15
member,Kostner Ave & Wrightwood Ave,15
casual,Parkside Ave & Armitage Ave,14
member,Dauphin Ave & 103rd St,14
member,Halsted St & 59th St,14
casual,Avenue L & 114th St,13
casual,Tripp Ave & 31st St,13
member,Avenue O & 118th St,13
member,Eberhart Ave & 131st St,13
member,State St & 76th St,13
casual,Jeffery Blvd & 91st St,12
member,Damen Ave & 51st St,12
member,Spaulding Ave & 16th St,12
casual,Hampden Ct & Diversey Ave,11
member,Avenue O & 134th St,11
member,Kilbourn & Belden,11
member,Long Ave & Belden Ave,11
member,Michigan Ave & 114th St,11
member,S Aberdeen St & W 106th St,11
member,W 103rd St & S Avers Ave,11
casual,Komensky Ave & 31st St,10
casual,Tripp Ave & 15th St,10
member,Elizabeth St & 59th St,10
member,Kedzie Ave & 110th St,10
member,South Chicago Ave & Elliot Ave,10
member,Yates Blvd & 93rd St,10
casual,Ashland Ave & 69th St,9
casual,Base - 2132 W Hubbard Warehouse,9
member,Lavergne & Fullerton,9
member,Racine Ave & 61st St,9
member,Torrence Ave & 106th St,9
casual,S Michigan Ave & E 118th St,8
member,Damen Ave & 59th St,8
member,Greenwood Ave & 91st St,8
member,Lawndale Ave & 111th St,8
member,Racine Ave & 65th St,8
casual,Roscoe & Harlem,7
member,Ada St & 113th St,7
member,Central Ave & Roscoe St,7
member,Jeffery Blvd & 91st St,7
member,Vincennes Ave & 75th St,7
member,Woodlawn & 103rd - Olive Harvey Vaccination Site,7
casual,S Wentworth Ave & W 111th St,6
casual,Sayre & Diversey,6
member,Altgeld Gardens,6
member,Carpenter St & 63rd St,6
member,Hampden Ct & Diversey Ave,6
member,State St & 123rd St,6
casual,Harding Ave & 26th St,5
casual,WEST CHI-WATSON,5
member,Loomis St & 89th St,5
member,Mulligan Ave & Wellington Ave,5
member,Narragansett Ave & School St,5
member,Tripp Ave & 31st St,5
casual,DIVVY CASSETTE REPAIR MOBILE STATION,4
casual,Kildare Ave & 26th St,4
member,Elizabeth St & 92nd St,4
member,Kilpatrick Ave & Parker Ave,4
member,Torrence Ave & 126th Pl,4
member,Ashland Ave & 69th St,3
member,Commercial Ave & 100th St,3
member,Kedzie Ave & 104th St,3
member,Marshfield Ave & 59th St,3
member,Meade Ave & Addison St,3
member,Meade Ave & Diversey Ave,3
member,Roscoe & Harlem,3
casual,351,2
casual,Harlem Ave & Grace St,2
casual,N Clark St & W Elm St,2
casual,Pulaski Rd & 21st St,2
member,Central Ave & Parker Ave,2
member,Cicero Ave & Grace St,2
member,Harding Ave & 26th St,2
member,Kildare Ave & 26th St,2
member,Lawndale Ave & 30th St,2
member,Pulaski Rd & 21st St,2
member,Vernon Ave & 107th St,2
casual,HUBBARD ST BIKE CHECKING (LBS-WH-TEST),1
casual,Kilbourn & Belden,1
casual,North Ave & New England Ave,1
member,Avenue L & 114th St,1
member,Central Park Ave & Douglas Blvd,1
member,Keeler Ave & Roosevelt Rd,1
member,Komensky Ave & 31st St,1
member,Lamon Ave & Armitage Ave,1
member,Lawndale Ave & 16th St,1
member,Lyft Driver Center Private Rack,1
member,Mason Ave & Belmont Ave,1
member,N Clark St & W Elm St,1
member,N Damen Ave & W Wabansia St,1
member,N Hampden Ct & W Diversey Ave,1
member,Parkside Ave & Armitage Ave,1
